,title,length,publish_date,author,url
0,"Kumaoni Dancing Songs Audio Julebox | Heera Singh Rana, Fauji Lalit Mohan Joshi",3118.0,2018-04-26 00:00:00,T-Series Regional,https://www.youtube.com/watch?v=6yiBHhvOORk
1,"""Jab Jab Dharam Ghate Dharti Maa Bhakt Gayaa"" Garhwali Album | Mala Ramain 108 Shlok",3642.0,2018-03-22 00:00:00,T-Series Regional,https://www.youtube.com/watch?v=DOys7ctzL50
2,Anil Bisht Non Stop - 1 Garhwali Album (Full Audio) | Anil Bisht | H. Soni Pumpum,3680.0,2018-02-23 00:00:00,T-Series Regional,https://www.youtube.com/watch?v=z-DkvVrHqL4
3,Byola Banyu Gailya | Dagdiya | Garhwali Audio Song | Birendra Rajput,380.0,2017-05-12 00:00:00,T-Series Regional,https://www.youtube.com/watch?v=McIc0VC_X-4
4,Hey Meri Soujaniya Re | Dagdiya | Garhwali Audio Song | Gajendra Rana,329.0,2017-05-11 00:00:00,T-Series Regional,https://www.youtube.com/watch?v=kZ8ef9tn9Wo
5,Hey Lakhyali | Dagdiya | Garhwali Audio Song | Birendra Rajput,394.0,2017-05-11 00:00:00,T-Series Regional,https://www.youtube.com/watch?v=Ck4tiJrKs9s
6,"Sobani Baana | Dagdiya | Garhwali Audio Song | Kishan Mahipal, Meena Rana",380.0,2017-05-10 00:00:00,T-Series Regional,https://www.youtube.com/watch?v=cOoxy6b2wDQ
7,"Ae Jaadi Dagadiya | Dagdiya | Garhwali Audio Song | Kishan Mahipal, Meena Rana",501.0,2017-05-08 00:00:00,T-Series Regional,https://www.youtube.com/watch?v=Y5x_qDua-jc
8,"Dagdiya Tu Meru Mayadaar | Dagdiya | Garhwali Audio Song | Gajendra Rana,Meena Rana",442.0,2017-05-06 00:00:00,T-Series Regional,https://www.youtube.com/watch?v=_xZyjqV6NPA
9,Suneet Rawat : Bedu Pako Full Video Song | Latest Garhwali Video | T-Series,289.0,2017-04-13 00:00:00,T-Series Regional,https://www.youtube.com/watch?v=AJ9uTlRiomA
10,Tumri Yaad Ma (Audio) - Selfie latest Kumaoni Album || Deepa Pandey,338.0,2016-10-14 00:00:00,T-Series Regional,https://www.youtube.com/watch?v=t1t74L9IVzo
11,O Kiran Bageshwar Ki (Audio) - Selfie latest Kumaoni Album || Jay Arya,322.0,2016-10-13 00:00:00,T-Series Regional,https://www.youtube.com/watch?v=UKT91nRQt-s
12,(Saadi Biloja Bhooligechhe (Audio) - Selfie latest Kumaoni Album || Jay Arya,321.0,2016-10-13 00:00:00,T-Series Regional,https://www.youtube.com/watch?v=xW8_HQ3Mr4o
13,Meri Sumana Peli Campa (Audio) - Selfie latest Kumaoni Album || Jay Arya,300.0,2016-10-11 00:00:00,T-Series Regional,https://www.youtube.com/watch?v=e3hcFb0YAIE
14,Aija O Meri Suwa (Audio) - Selfie latest Kumaoni Album || Ramesh Mohan Pandey,362.0,2016-10-11 00:00:00,T-Series Regional,https://www.youtube.com/watch?v=eomgsNffzec
15,Paudi Khalai Ki Rabina (Audio) - Selfie latest Kumaoni Album || Ramesh Mohan Pandey,360.0,2016-10-11 00:00:00,T-Series Regional,https://www.youtube.com/watch?v=BXbgPg09sjE
16,Selfie Wali Neeru (Audio) - Selfie latest Kumaoni Album || Ramesh Mohan Pandey,287.0,2016-10-11 00:00:00,T-Series Regional,https://www.youtube.com/watch?v=iDpYLWm1pw8
17,"Sun Re Dida (Garhwali Song) | Nayu Nayu Byo Cha | Narendra Singh Negi, Anuradha Nirala",291.0,2014-09-27 00:00:00,T-Series Regional,https://www.youtube.com/watch?v=ObK-ySHmz38
18,"Narangi Ki Daani Ho (Garhwali Song) | Nayu Nayu Byo Ch | Narendra Singh Negi, Anuradha Nirala",367.0,2014-09-25 00:00:00,T-Series Regional,https://www.youtube.com/watch?v=fwt1xfrm-dU
19,"Na Daud Na Daud (Garhwali Song) | Nayu Nayu Byo Ch | Narendra Singh Negi, Anuradha Nirala",290.0,2014-09-25 00:00:00,T-Series Regional,https://www.youtube.com/watch?v=g3bDPL_sbP4
20,"Jikudi Dhadak Dhadak Kadi (Garhwali Song) | Nayu Nayu Byo Ch | Narendra Singh Negi, Anuradha Nirala",387.0,2014-09-24 00:00:00,T-Series Regional,https://www.youtube.com/watch?v=1_KXyadWVgI
21,"Biji Jaadi Laati (Garhwali Sad Song) | Nayu Nayu Byo Ch | Narendra Singh Negi, Anuradha Nirala",382.0,2014-09-23 00:00:00,T-Series Regional,https://www.youtube.com/watch?v=DMG6WNPPQCc
22,Dharti Hamara Garhwala Ki (Garhwali Song) | Nayu Nayu Byo Ch | Narendra Singh Negi,400.0,2014-09-23 00:00:00,T-Series Regional,https://www.youtube.com/watch?v=TzcHbGNO_Vs
23,"Nayu Nayu Byo Cha (Superhit Garhwali Song) | Narendra Singh Negi, Anuradha Nirala",329.0,2014-09-23 00:00:00,T-Series Regional,https://www.youtube.com/watch?v=EYw_QCb7jMg
24,Akulu Maa Maaya Kari (Garhwali Song) | Nayu Nayu Byo Ch | Narendra Singh Negi,552.0,2014-09-23 00:00:00,T-Series Regional,https://www.youtube.com/watch?v=mUrL3Q6CtyY
25,"Jassi Chhori Video Song | Garhwali Video Album ""Bilmi Baand"" | Balbir Marizal",383.0,2014-09-01 00:00:00,T-Series Regional,https://www.youtube.com/watch?v=MhOiCUA_KZc
26,"Bilmi Baand Title Song | Garhwali Video Album ""Bilmi Baand"" | Balbir Marizal",428.0,2014-07-22 00:00:00,T-Series Regional,https://www.youtube.com/watch?v=5nMs6p2uiQE
27,"Dil Ki Kalpana Full Video Album | Lalit Mohan Joshi, Meena Rana | Latest Kumaoni Songs 2014",2639.0,2014-07-21 00:00:00,T-Series Regional,https://www.youtube.com/watch?v=J6A9ocExkdU
28,Saun Mahain: Mann Maa Riti Chou Song | Kumaoni Album Video Songs,275.0,2014-07-12 00:00:00,T-Series Regional,https://www.youtube.com/watch?v=HKoIEpPg9RU
29,Dil Ki Kalpana: Champa Chameli Video Song HD 2014 | Lalit Mohan Joshi | Latest Kumaoni Songs,348.0,2014-07-09 00:00:00,T-Series Regional,https://www.youtube.com/watch?v=iCWhScyQNNI
30,Dil Ki Kalpana Title Video Song | Lalit Mohan Joshi | Latest Kumaoni Songs 2014,335.0,2014-07-07 00:00:00,T-Series Regional,https://www.youtube.com/watch?v=ioMcnFQXkUQ
31,Dil Ki Kalpana: Launda Purbu Video Song HD | Meena Rana | Latest Kumaoni Songs 2014,323.0,2014-07-05 00:00:00,T-Series Regional,https://www.youtube.com/watch?v=HCk0aP337As
32,Dil Ki Kalpana: Jyunyaali Raat Video Song HD | Lalit Mohan Joshi | Latest Kumaoni Songs 2014,330.0,2014-07-04 00:00:00,T-Series Regional,https://www.youtube.com/watch?v=bhnFTkA-0wE
33,Kve Ni Dinou Saath Full Video Song | Kumaoni Album Saun Mahain,289.0,2014-07-03 00:00:00,T-Series Regional,https://www.youtube.com/watch?v=maJuspOZqcI
34,O Meri Hosiya Video Song 2014 | Lalit Mohan Joshi | Latest Kumaoni Album Dil Ki Kalpana,330.0,2014-07-03 00:00:00,T-Series Regional,https://www.youtube.com/watch?v=lZO6D9bfbLg
35,Mayadar Binita Video Song 2014 | Latest Kumaoni Album Dil Ki Kalpana | Lalit Mohan Joshi,376.0,2014-07-02 00:00:00,T-Series Regional,https://www.youtube.com/watch?v=JIWYBswzLdg
36,O Meri Hosiya Song (Dil Ki Kalpana) | Lalit Mohan Joshi | Latest Kumaoni Songs 2014,331.0,2014-06-28 00:00:00,T-Series Regional,https://www.youtube.com/watch?v=cCWORaGNfmE
37,Mansuri Ki Mona Song (Dil Ki Kalpana) | Lalit Mohan Joshi | Latest Kumaoni Songs 2014,272.0,2014-06-28 00:00:00,T-Series Regional,https://www.youtube.com/watch?v=vKgntw-qh5c
38,Mansuri Ki Mona Video Song 2014 | Kumaoni Album Dil Ki Kalpana | Lalit Mohan Joshi,273.0,2014-06-28 00:00:00,T-Series Regional,https://www.youtube.com/watch?v=0cQHRkgAXI8
39,Meena Rana: Launda Purbu Song (Dil Ki Kalpana) | Latest Kumaoni Songs 2014,325.0,2014-06-28 00:00:00,T-Series Regional,https://www.youtube.com/watch?v=-2CJw21-rmA
40,Jyunyaali Raat Song (Dil Ki Kalpana) | Lalit Mohan Joshi | Latest Kumaoni Songs 2014,331.0,2014-06-28 00:00:00,T-Series Regional,https://www.youtube.com/watch?v=KkK7zwvkNtQ
41,Champa Chameli Song (Dil Ki Kalpana) | Lalit Mohan Joshi | Latest Kumaoni Songs 2014,347.0,2014-06-27 00:00:00,T-Series Regional,https://www.youtube.com/watch?v=8FpZuGqrBjE
42,"Ae Jaai Meri Vana Video Song Kumaoni | Lalit Mohan Joshi, Meena Rana | Dil Ki Kalpana",335.0,2014-06-27 00:00:00,T-Series Regional,https://www.youtube.com/watch?v=pe5x7XOJ8vo
43,Dil Ki Kalpana Title Song | Lalit Mohan Joshi | Latest Kumaoni Songs 2014,336.0,2014-06-27 00:00:00,T-Series Regional,https://www.youtube.com/watch?v=HuotBQdMVMA
44,Mayadar Binita (Kumaoni Song 2014) | Dil Ki Kalpana | Lalit Mohan Joshi Latest Song,376.0,2014-06-27 00:00:00,T-Series Regional,https://www.youtube.com/watch?v=iXk6xxj4RzI
45,Kashi Haili Meri Baana | Kumaoni Video Song | Album: Saun Mahain,234.0,2014-06-27 00:00:00,T-Series Regional,https://www.youtube.com/watch?v=yr6oqvCQcTk
46,"Ae Jaai Meri Vana (Kumaoni Song 2014) | Dil Ki Kalpana | Lalit Mohan Joshi, Meena Rana",336.0,2014-06-25 00:00:00,T-Series Regional,https://www.youtube.com/watch?v=Yb96Pyp-J4U
47,Udankaar Hovege (Jagar) Full Video - Preetam Bharatwan - Baand Amravati,358.0,2014-06-17 00:00:00,T-Series Regional,https://www.youtube.com/watch?v=ZEHSeHA8S1Y
48,Gori Gori Naani Naani | Kumaoni Video Song | Album: Saun Mahain,303.0,2014-06-16 00:00:00,T-Series Regional,https://www.youtube.com/watch?v=r4FmVA1qqZk
49,Ghuguti Ghuraona Laigi - Garhwali Video Song Meena Rana - Chali Bhai Motar Chali,295.0,2014-06-13 00:00:00,T-Series Regional,https://www.youtube.com/watch?v=AwESlAx6py8
50,"Chali Bhai Motar Chali - Hit Garhwali Video Song - Narendra Singh Negi, Meena Rana",526.0,2014-06-10 00:00:00,T-Series Regional,https://www.youtube.com/watch?v=OyNnQI1bCzg
51,Basant Ritu Maa Jaiyee - Garhwali Song Narendra Singh Negi - Chali Bhai Motar Chali,477.0,2014-06-03 00:00:00,T-Series Regional,https://www.youtube.com/watch?v=aU-2XjLTSWw
52,Sabbi Dhaani Dehradoon - Hit Garhwali Song Narendra Singh Negi - Aejadi Bhagyaani,502.0,2014-06-01 00:00:00,T-Series Regional,https://www.youtube.com/watch?v=udXE3JIZK3k
53,"Teri Aankhyun Ka Sawal Song Garhwali - Aejadi Bhagyaani - Narendra Singh Negi, Meena Rana",399.0,2014-05-28 00:00:00,T-Series Regional,https://www.youtube.com/watch?v=hMBxVjYnXsw
54,"Meri Uma Kai Baanu (Garhwali Video Song) - Aejadi Bhagyaani - Narendra Singh Negi, Meena Rana",516.0,2014-05-25 00:00:00,T-Series Regional,https://www.youtube.com/watch?v=ShIXMH5fkJ8
55,Na Baith Bindi Charkhi Maa - Superhit Garhwali Song Narendra Singh Negi,420.0,2014-05-21 00:00:00,T-Series Regional,https://www.youtube.com/watch?v=UKT7jGDRJ3M
56,Biroo Bhadu Ku Desh - Garhwali Song Narendra Singh Negi - Chali Bhai Motar Chali,500.0,2014-05-20 00:00:00,T-Series Regional,https://www.youtube.com/watch?v=oh4QZkkQsrI
57,"Chal E Duniya Se Door (Garhwali Video Song) - Narendra Singh Negi, Meena Rana",507.0,2014-05-18 00:00:00,T-Series Regional,https://www.youtube.com/watch?v=d2Iw4QpuVfo
58,Door Pardesh Chhaoo - Garhwali Song Narendra Singh Negi - Chali Bhai Motar Chali,330.0,2014-05-12 00:00:00,T-Series Regional,https://www.youtube.com/watch?v=gEiiGwAvm58
59,Teen Boli Teen Boli - Garhwali Old Video Song - Maya Ka Sauder,245.0,2014-05-10 00:00:00,T-Series Regional,https://www.youtube.com/watch?v=Io3YgPErOzQ
60,Parasi Dekhi Chhajja Maa - Garhwali Video Song Narendra Singh Negi - Aejadi Bhagyani,355.0,2014-05-08 00:00:00,T-Series Regional,https://www.youtube.com/watch?v=wnDqUmZO3c0
61,Na Kata Tau Dalyun - Garhwali Song Narendra Singh Negi - Chali Bhai Motar Chali,357.0,2014-05-06 00:00:00,T-Series Regional,https://www.youtube.com/watch?v=wmGR3bA6S-Y
62,Maya Hey Maya - Garhwali Old Video Song - Maya Ka Sauder,367.0,2014-05-05 00:00:00,T-Series Regional,https://www.youtube.com/watch?v=uv83ltPS2TM
63,Jara Jara Kabhi Kabhi - Garhwali Video Song - Maya Ka Sauder,212.0,2014-04-29 00:00:00,T-Series Regional,https://www.youtube.com/watch?v=Oa9A0vQ5nu8
64,Yo Maya Lagai Na Full Video Song | Kumaoni Superhit Album 'Kautik' Songs,317.0,2014-04-22 00:00:00,T-Series Regional,https://www.youtube.com/watch?v=YaTpmRHVr9s
65,Ja Kaga Gailya (Garhwali Video Song ) - Maya Ka Sauder - Padam Gusain,376.0,2014-04-19 00:00:00,T-Series Regional,https://www.youtube.com/watch?v=OBQQpixEz_c
66,"Sulpaa Ki Saaj (Garhwali Video Song) - Kaithai Khojyaani Holi - Narendra Singh Negi, Anuradha Nirala",500.0,2014-04-16 00:00:00,T-Series Regional,https://www.youtube.com/watch?v=BFhvUF643dU
67,Bharat Maa Tera Lal Hum - Garhwali Video Song - Maya Ka Sauder,282.0,2014-04-12 00:00:00,T-Series Regional,https://www.youtube.com/watch?v=lE8pm-TtlR8
68,Tu Kaatli Ghaas - Kautik - Kumaoni Album Video Song,331.0,2014-04-04 00:00:00,T-Series Regional,https://www.youtube.com/watch?v=svlORj-O6-I
69,Madhuli Hira Hir Full Video Song | Kumaoni Superhit Album 'Kautik' Songs,307.0,2014-04-03 00:00:00,T-Series Regional,https://www.youtube.com/watch?v=GIB7ZsRzwxA
70,Hit Kautije Jaula Video Song | Kumaoni Superhit Album 'Kautik' Songs,294.0,2014-04-01 00:00:00,T-Series Regional,https://www.youtube.com/watch?v=hhh08iICm4E
71,Tihri Bazar Aandi - Garhwali Video Song - Maya Ka Sauder,267.0,2014-04-01 00:00:00,T-Series Regional,https://www.youtube.com/watch?v=KMAy5OEV0vE
72,Hatai Ki Churiya Video Song | Kumaoni Superhit Album 'Kautik' Songs,381.0,2014-03-31 00:00:00,T-Series Regional,https://www.youtube.com/watch?v=78_Ix8kuvUc
73,Saira Mulak Maa Charcha | Garhwali Video Song | Maya Ka Sauder | Padam Gusain,474.0,2014-03-29 00:00:00,T-Series Regional,https://www.youtube.com/watch?v=eYlze-ydiTo
74,Burunshi Phoolee Rai Video Song | Kumaoni Superhit Album 'Kautik' Songs,296.0,2014-03-28 00:00:00,T-Series Regional,https://www.youtube.com/watch?v=G_YqMM0EjGk
75,Bedu Timil Pakini Video Song | Kumaoni Superhit Album 'Kautik' Songs,253.0,2014-03-25 00:00:00,T-Series Regional,https://www.youtube.com/watch?v=DvoxHsG7DR4
76,"Maan Samman Tu Meri Aas Song | Lokendra Singh Kentura, Meena Rana | Baudi Aawa Garhwali Album 2014",553.0,2014-03-25 00:00:00,T-Series Regional,https://www.youtube.com/watch?v=3v9sG4Fhuu4
77,Almora Bazar Hite Full Video Song | Kumaoni Album 'Kautik' Songs,387.0,2014-03-24 00:00:00,T-Series Regional,https://www.youtube.com/watch?v=6-JyzcStTu4
78,Jai Maa Jagdamba (Jaagar) | Baudi Aawa (Uttranchal Ka Uttrakhandiyo) | Garhwali Album 2014,333.0,2014-03-23 00:00:00,T-Series Regional,https://www.youtube.com/watch?v=JTQaWMJeWiI
79,Daandiyo Ritima Baaj Hey Radha Song | Baudi Aawa (Uttranchal Ka Uttrakhandiyo) | Garhwali Album 2014,459.0,2014-03-21 00:00:00,T-Series Regional,https://www.youtube.com/watch?v=xZ-KvRjxjkc
80,"Ji Rai Jaagi Rai | Garhwali Video Song | Narendra Singh Negi, Anuradha Nirala",435.0,2014-03-20 00:00:00,T-Series Regional,https://www.youtube.com/watch?v=RA4uF6VDNOY
81,Uttranchal Ka Uttrakhandiyo Song | Baudi Aawa New Garhwali Album 2014 | Lokendra Singh Kentura,466.0,2014-03-19 00:00:00,T-Series Regional,https://www.youtube.com/watch?v=N1_MW-pIMRY
82,Anwaar Dekhi Ta Aansu Song | Baudi Aawa (Uttranchal Ka Uttrakhandiyo) | New Garhwali Album 2014,595.0,2014-03-18 00:00:00,T-Series Regional,https://www.youtube.com/watch?v=ZvQAwmL1Zq0
83,"Himala Haaun Kauta Video Song Garhwali - Narendra Singh Negi, Anuradha Nirala",417.0,2014-03-12 00:00:00,T-Series Regional,https://www.youtube.com/watch?v=E1oIK6mnW9Q
84,Hey Chhutki Chhoti Chhoti Song | Baudi Aawa (Uttranchal Ka Uttrakhandiyo) | New Garhwali Album 2014,371.0,2014-03-11 00:00:00,T-Series Regional,https://www.youtube.com/watch?v=hXQa71IIRcs
85,Garhwal Ki Daandi Kaathi Song | Baudi Aawa (Uttranchal Ka Uttrakhandiyo) | New Garhwali Album 2014,388.0,2014-03-11 00:00:00,T-Series Regional,https://www.youtube.com/watch?v=C50Ux0AE-As
86,Naach Padi Meri Fenta Full Song | Manglesh Dangwal New Garhwali Album Songs 2014 | Kedarkhand Aapda,418.0,2014-02-06 00:00:00,T-Series Regional,https://www.youtube.com/watch?v=MeZ6VdhEnqQ
87,Chal Maiga Kouthig Full Song | New Garhwali Album Songs 2014 Manglesh Dangwal | Kedarkhand Aapda,450.0,2014-02-04 00:00:00,T-Series Regional,https://www.youtube.com/watch?v=5e20gnzQVPc
88,"""Minu Raani"" Full Song | New Garhwali Album Songs 2014 Manglesh Dangwal | Kedarkhand Aapda",431.0,2014-02-01 00:00:00,T-Series Regional,https://www.youtube.com/watch?v=UIlYvvq8Hwg
89,Gou Ganga Himaalay (Sanrakshan Sandesh) | Kedarkhand Aapda | Garhwali Album 2014 Manglesh Dangwal,559.0,2014-01-30 00:00:00,T-Series Regional,https://www.youtube.com/watch?v=5ZP_Z73ePDc
90,"""Brahmchaari Chhoun"" Full Song Manglesh Dangwal | Kedarkhand Aapda | Latest Garhwali Album 2014",487.0,2014-01-28 00:00:00,T-Series Regional,https://www.youtube.com/watch?v=en_hZs00aVA
91,"""Oonki Bannt Ma Ujyaalo"" Video Song | Khudeni Na Rayee Garhwali Album | Vinod Sirola Latest Songs",338.0,2014-01-27 00:00:00,T-Series Regional,https://www.youtube.com/watch?v=Jvce8-7Hpjw
92,"""Bamanu Ki Bal"" Video Song | Khudeni Na Rayee Garhwali Album | Vinod Sirola & Anuradha Nirala",501.0,2014-01-22 00:00:00,T-Series Regional,https://www.youtube.com/watch?v=MNy8iCP8FmM
93,Nanda Raaj Jaat (Jagar) | New Garhwali Album Songs 2014 Manglesh Dangwal | Kedarkhand Aapda,591.0,2014-01-21 00:00:00,T-Series Regional,https://www.youtube.com/watch?v=sO_LNd_YOOM
94,"""Gailya Mera Gailya Re"" Full Song (Garhwali) | Manglesh Dangwal, Meena Rana | Kedarkhand Aapda",459.0,2014-01-18 00:00:00,T-Series Regional,https://www.youtube.com/watch?v=qiUNJsarmDE
95,"""Kedarkhand Aapda"" Full Song | New Garhwali Album 2014 Manglesh Dangwal | Kedarkhand Aapda",1264.0,2014-01-18 00:00:00,T-Series Regional,https://www.youtube.com/watch?v=0X7nuvJGYqI
96,"""Jaan Walo Tumhari Na Kwi"" Video Song | Khudeni Na Rayee Garhwali Album | Vinod Sirola Latest Songs",562.0,2014-01-17 00:00:00,T-Series Regional,https://www.youtube.com/watch?v=mKddx5NCjAI
97,"""Khudeni Na Rayee"" Making | Latest Garhwali Album 2014 | Vinod Sirola, Anuradha Nirala",612.0,2014-01-14 00:00:00,T-Series Regional,https://www.youtube.com/watch?v=MykjjpnoeLE
98,Dhaar Por Ka Mandir Video Song | Khudeni Na Rayee Garhwali Album | Vinod Sirola & Anuradha Nirala,470.0,2014-01-12 00:00:00,T-Series Regional,https://www.youtube.com/watch?v=doLmniXHPWQ
99,Ganga Ka Chhaala Full Video Song | Latest Garhwali Album Khudeni Na Rayee | Vinod Sirola,491.0,2013-12-30 00:00:00,T-Series Regional,https://www.youtube.com/watch?v=IZa2fWdElAY
100,Teri Meri Preet Full Video Song | Garhwali Album Khudeni Na Rayee | Vinod Sirola & Anuradha Nirala,389.0,2013-12-30 00:00:00,T-Series Regional,https://www.youtube.com/watch?v=3sOETggjp9k
101,Khudeni Na Rayee Full Video Song HD | Vinod Sirola Latest Garhwali Album Songs,417.0,2013-12-27 00:00:00,T-Series Regional,https://www.youtube.com/watch?v=g9RqwFdJ3x4
102,Pardesh Ma Chho Eeju | Sad Kumaoni Video Song 'Radha Madama' Album | Ramesh Mohan Pandey,377.0,2013-12-17 00:00:00,T-Series Regional,https://www.youtube.com/watch?v=aTwQPvFqX9Q
103,Kabey Ghum Firi Be Auchhi Gadi | Latest Kumaoni Song 'Radha Madama' Album | Ramesh Mohan Pandey,287.0,2013-12-13 00:00:00,T-Series Regional,https://www.youtube.com/watch?v=2143sFH8NaA
104,Teri Gori-Gori Mukhudi | Latest Kumaoni Song 2013 'Radha Madama' Album | Jitendra Tomkyaal,339.0,2013-12-10 00:00:00,T-Series Regional,https://www.youtube.com/watch?v=qo9OATNrJr4
105,"Teri Gori Mukhdi Ma Syali | Latest Kumaoni Song 'Radha Madama' Album | Gajender Rana, Basanti Bisht",325.0,2013-12-09 00:00:00,T-Series Regional,https://www.youtube.com/watch?v=slB_6sRd9cw
106,Chhane Ma Baithe Bera | Latest Kumaoni Song 'Radha Madama' Album | Ramesh Mohan Pandey,266.0,2013-12-02 00:00:00,T-Series Regional,https://www.youtube.com/watch?v=js9noVgzNL8
107,Rum Jhum Barkha Jo Lagige Video Song Kumaoni | Radha Madama Album | Lalit Mohan Joshi Songs 2013,441.0,2013-11-21 00:00:00,T-Series Regional,https://www.youtube.com/watch?v=5SUmmjnqUtY
108,"Maile Baje Muruli Radha - Kumaoni Song 'Radha Madama' Album - Gajender Rana, Basanti Bisht",299.0,2013-11-10 00:00:00,T-Series Regional,https://www.youtube.com/watch?v=osU9exA0gyE
109,Pardesh Ma Chho Eeju - Radha Madama Album - Latest Kumaoni Songs 2013,378.0,2013-11-06 00:00:00,T-Series Regional,https://www.youtube.com/watch?v=2FQOwGf0B0w
110,Radha Madama Album Song - Kabey Ghum Firi Be Auchhi Gadi - Latest Kumaoni Songs 2013,288.0,2013-11-06 00:00:00,T-Series Regional,https://www.youtube.com/watch?v=e0Y4yr_jzho
111,Lalit Mohan Joshi Latest Kumaoni Song | Ghut-Ghut Batuli | Radha Madama Album 2013 Songs,279.0,2013-11-06 00:00:00,T-Series Regional,https://www.youtube.com/watch?v=u9OzbsPJP3k
112,Chhane Ma Baithe Bera Song - Radha Madama - Latest Kumaoni Album Songs 2013,266.0,2013-11-06 00:00:00,T-Series Regional,https://www.youtube.com/watch?v=lAmjrMXkYSM
113,Teri Gori-Gori Mukhudi Kumaoni Song Jitendra Tomkyaal - Radha Madama Album Songs 2013,340.0,2013-11-06 00:00:00,T-Series Regional,https://www.youtube.com/watch?v=VBd5qLIXat0
114,"""Teri Gori Mukhdi Ma Syali"" Kumaoni Song Gajender Rana, Basanti Bisht | Radha Madama Album Songs",326.0,2013-11-06 00:00:00,T-Series Regional,https://www.youtube.com/watch?v=anK5ZFEb9dA
115,Rum Jhum Barkha Jo Lagige Kumaoni Song Lalit Mohan Joshi - Radha Madama Album Songs 2013,442.0,2013-11-06 00:00:00,T-Series Regional,https://www.youtube.com/watch?v=3jTIf-Fzjeo
116,"Maile Baje Muruli Radha Full Song - Radha Madama Kumaoni Album - Gajender Rana, Basanti Bisht",300.0,2013-11-06 00:00:00,T-Series Regional,https://www.youtube.com/watch?v=7wpMYdJ2x7o
117,Kilai Supnyu Ma Akai Ruwey Jandi Tu - Latest Garhwali Album Songs 2013 - Bhaiji Ku Byo,288.0,2013-10-24 00:00:00,T-Series Regional,https://www.youtube.com/watch?v=4uRgWKSgNUQ
118,Pardes Jaike Dagdiya Bhuli Na Jayi - New Garhwali Song Meena Rana - Bhaiji Ku Byo Album,384.0,2013-10-15 00:00:00,T-Series Regional,https://www.youtube.com/watch?v=p1mo6QktOsE
119,Mukhdi Dikhe Ja Jara Nau Tu Bate Ja - Latest Garhwali Video Song 2013 - Bhaiji Ku Byo,328.0,2013-10-09 00:00:00,T-Series Regional,https://www.youtube.com/watch?v=a_VcZbV0aEc
120,Garhwal Ka Log Pardes Basigen - Bhaiji Ku Byo - Latest Garhwali Album Songs 2013,358.0,2013-10-08 00:00:00,T-Series Regional,https://www.youtube.com/watch?v=GNqnpnrD-9Y
121,"""Aege Gindi Myala"" - Latest Garhwali Album Songs 'Bhaiji Ku Byo' - Gajender Rana, Meena Rana",420.0,2013-10-07 00:00:00,T-Series Regional,https://www.youtube.com/watch?v=pWyGqqOwqSE
122,Nadi Kinaru Si Hum Dui Chhawa - Latest Garhwali Video Song 2013 - Bhaiji Ku Byo,493.0,2013-10-06 00:00:00,T-Series Regional,https://www.youtube.com/watch?v=Z6rDhAyVW5A
123,Jai Ho Shem Naag Raaj (Jaagar) - Babruwahan Singh Negi - Bhaiji Ku Byo Garhwali Album 2013,322.0,2013-10-04 00:00:00,T-Series Regional,https://www.youtube.com/watch?v=hotpNj9zqcI
124,"""Bhaiji Ku Byo"" - Gajender Rana Latest Garhwali Video Song 2013",328.0,2013-10-03 00:00:00,T-Series Regional,https://www.youtube.com/watch?v=JvjEM78D9Nw
125,"Naani Naani Seema Full Video Songs Kumaoni - Fauji Lalit Mohan Joshi, Meena Rana",2911.0,2013-08-30 00:00:00,T-Series Regional,https://www.youtube.com/watch?v=3DQXy2YeAa8
126,"Aele Bol Baaki Saatina | Latest Garhwali Video Song 'SAJ' Album | Preetam Bharatwan, Manu Vandana",462.0,2013-08-28 00:00:00,T-Series Regional,https://www.youtube.com/watch?v=K-cA4IIvFX0
127,"Aagi Ki Patangi Jairili Bichhi | Latest Garhwali Sad Video Song | Preetam Bharatwan, Meena Rana",426.0,2013-08-27 00:00:00,T-Series Regional,https://www.youtube.com/watch?v=qmkNB98Z1M8
128,Preetam Bharatwan New Garhwali Song | Mero Himwanti Desa | 'SAJ' Album Songs 2013,462.0,2013-08-26 00:00:00,T-Series Regional,https://www.youtube.com/watch?v=hflkfLXtQ5Y
129,"Latest Garhwali Song SAJ Album - Maino Biti Milunu Nee Hwe - Preetam Bharatwan, Meena Rana",426.0,2013-08-25 00:00:00,T-Series Regional,https://www.youtube.com/watch?v=fnVXuivDTyw
130,Jagar Samrat Preetam Bharatwan Latest Jaagar 2013 - Bali Vasudanta Arjun - SAJ Album,671.0,2013-08-25 00:00:00,T-Series Regional,https://www.youtube.com/watch?v=9P1oxUNfTjc
131,Latest Garhwali Video Song - Le Sounli Bandol Nou Bataide - Preetam Bharatwan 'SAJ' Album 2013,438.0,2013-08-24 00:00:00,T-Series Regional,https://www.youtube.com/watch?v=-O5_hHspB8o
132,Samai Samai Ki Baat | Latest Garhwali Video Song Preetam Bharatwan 'SAJ' Album 2013,514.0,2013-08-24 00:00:00,T-Series Regional,https://www.youtube.com/watch?v=rYjwA1Yrvc8
133,"Paar Bhida Video Song Kumaoni | Hey Deepa Jeans Top Wali | Fauji Lalit Mohan Joshi, Meena Rana",452.0,2013-08-19 00:00:00,T-Series Regional,https://www.youtube.com/watch?v=MeM2TCsszW4
134,Roope Ki Raani Video Song HD | Naani Naani Seema Kumaoni Album | Lalit Mohan Joshi,339.0,2013-08-18 00:00:00,T-Series Regional,https://www.youtube.com/watch?v=VYb0M3uh4Es
135,Dana Khano Mein Video Song Kumaoni - Meena Rana - Naani Naani Seema Album,436.0,2013-08-13 00:00:00,T-Series Regional,https://www.youtube.com/watch?v=w6gNVC1ipcU
136,O Manisha Video Song HD | Naani Naani Seema Kumaoni Album Songs | Fauji Lalit Mohan Joshi,353.0,2013-08-12 00:00:00,T-Series Regional,https://www.youtube.com/watch?v=E3LNdhHg3go
137,"Meri Suwa Video Song HD | Kumaoni Album Naani Naani Seema | Lalit Mohan Joshi, Meena Rana",418.0,2013-08-12 00:00:00,T-Series Regional,https://www.youtube.com/watch?v=v9osylDLth4
138,Parani Mayadar Binduli Kumaoni Video Song HD | Naani Naani Seema Album | Fauji Lalit Mohan Joshi,375.0,2013-08-10 00:00:00,T-Series Regional,https://www.youtube.com/watch?v=6jWUBgbuQbY
139,Chandani Ko Chand Video Song HD | Naani Naani Seema Album | Lalit Mohan Joshi Kumaoni Songs,321.0,2013-08-10 00:00:00,T-Series Regional,https://www.youtube.com/watch?v=farQx9T0n0I
140,Taruni Jwani Aige Saj | Latest Garhwali Song Preetam Bharatwan | Upcoming Album 'SAJ' 2013,412.0,2013-08-07 00:00:00,T-Series Regional,https://www.youtube.com/watch?v=8rGM5BaY0mc
141,Naani Naani Seema Title Video Song ᴴᴰ - Fauji Lalit Mohan Joshi Kumaoni Hit Songs,304.0,2013-07-30 00:00:00,T-Series Regional,https://www.youtube.com/watch?v=EyfQEbaq9-k
142,Hey Gadhwal Hey Gadhwal - Garhwali Video Song - Teri Mukhdi Aankhyun Ma Basi,408.0,2013-03-23 00:00:00,T-Series Regional,https://www.youtube.com/watch?v=FnbCqFCUs64
143,Negiyon Ki Tara Hey - Garhwali Video Song - Teri Mukhdi Aankhyun Ma Basi,383.0,2013-03-23 00:00:00,T-Series Regional,https://www.youtube.com/watch?v=JPNZgMH2AIc
144,Bhooli Gyai Sonjadya - Sad Garhwali Song Madhulika Negi - Teri Mukhdi Aankhyun Ma Basi,404.0,2013-03-20 00:00:00,T-Series Regional,https://www.youtube.com/watch?v=bJE2-3Hdy0M
145,Tangtayandu Sarail - Garhwali Full Video Song - Teri Mukhdi Aankhyun Ma Basi,337.0,2013-03-20 00:00:00,T-Series Regional,https://www.youtube.com/watch?v=ZblaBSlI7p0
146,Hit Dhau Meri Madhuli - Garhwali Full Video Song - Teri Mukhdi Aankhyun Ma Basi,358.0,2013-03-19 00:00:00,T-Series Regional,https://www.youtube.com/watch?v=ZCr-drdgnNg
147,Myara Baba Mi Lagu Soraas | Byoli Tave Banolu - Garhwali Sad Video Songs,536.0,2013-03-19 00:00:00,T-Series Regional,https://www.youtube.com/watch?v=qN-esPDRRBk
148,Aaj Tak Ni Dekhi - Garhwali Video Song Jaspal Rana - Byoli Tave Banolu,338.0,2013-03-18 00:00:00,T-Series Regional,https://www.youtube.com/watch?v=2ZqgpNdQwiA
149,Meri Mukhri - Garhwali Full Video Song - Teri Mukhri Aankhyun Ma Basin,335.0,2013-03-18 00:00:00,T-Series Regional,https://www.youtube.com/watch?v=hfNUDMP3PSw
150,Dagdya Re Main Ma Mite Jaa - Garhwali Video Song Jaspal Rana - Byoli Tave Banolu,456.0,2013-03-16 00:00:00,T-Series Regional,https://www.youtube.com/watch?v=Xt8AcT4ElVQ
151,"Mann Ma Basi Teri Bholi Si Anbaar - Jaspal Rana, Sangeeta Dhoundiyal | Garhwali Video Songs",507.0,2013-03-15 00:00:00,T-Series Regional,https://www.youtube.com/watch?v=0F-Jhz_pKtc
152,Mayadaar Aankho Mein Mayari Te (Sad Garhwali Video Song) - Byoli Tave Banolu,449.0,2013-03-14 00:00:00,T-Series Regional,https://www.youtube.com/watch?v=dknnPRpNnhE
153,Ye Uttarakhand Ne Humte (Sad Garhwali Video Song) - Jaspal Rana | Byoli Tave Banolu,418.0,2013-03-12 00:00:00,T-Series Regional,https://www.youtube.com/watch?v=mg2XXPqkJcs
154,"Mera Aither Paither - Garhwali Video Song - Byoli Tave Banolu | Jaspal Rana, Sangeeta Daudiyal",451.0,2013-03-11 00:00:00,T-Series Regional,https://www.youtube.com/watch?v=BZ23oGwMWOg
155,"Phoolon Ka Beech Mein Phyoli - Garhwali Video Song - Byoli Tave Banolu | Jaspal Rana, Meena Rana",479.0,2013-03-11 00:00:00,T-Series Regional,https://www.youtube.com/watch?v=McYPdoR_5DQ
156,"Roj - Roj Sikhyali Video Song | Babaal Latest Garhwali Album - Meena Rana, Birendra Dangwal",463.0,2013-03-04 00:00:00,T-Series Regional,https://www.youtube.com/watch?v=KDxmrT2_hoY
157,Jaamnikhal Ki Urmi Baand - Latest Garhwali Video Song Heera Samdhini - Gajender Rana,340.0,2013-03-03 00:00:00,T-Series Regional,https://www.youtube.com/watch?v=1XmMG6Nl_UQ
158,"Mukhadi Kyaaku Lukaundi Video Song - Meena Rana, Birendra Dangwal - Babaal Latest Garhwali Album",351.0,2013-03-01 00:00:00,T-Series Regional,https://www.youtube.com/watch?v=FTWiM1Ns6zY
159,Jeep Gaadi Ku Driver Video Song Gajender Rana - Heera Samdhini Garhwali Album Songs 2013,511.0,2013-02-28 00:00:00,T-Series Regional,https://www.youtube.com/watch?v=kZCYGv4IoBE
160,Dana Ku Bolyu Ounlu Ku (Full Video Song) - Garhwali Album 'Babaal' Birendra Dangwal,458.0,2013-02-27 00:00:00,T-Series Regional,https://www.youtube.com/watch?v=S0I6VmgzxBo
161,Rasima Chhori Video Song Heera Samdhini - Latest Garhwali Album Gajender Rana & Meena Rana,308.0,2013-02-27 00:00:00,T-Series Regional,https://www.youtube.com/watch?v=rPIPwaGRSFc
162,Teru Machayun Dhamaal - Latest Super Hit Garhwali Dance Video Song Babaal 2013 - Birendra Dangwal,294.0,2013-02-26 00:00:00,T-Series Regional,https://www.youtube.com/watch?v=L2o0hnhm9NY
163,Chakka Chundari Video Song Heera Samdhini - Latest Garhwali Album Songs 2013 - Gajender Rana,337.0,2013-02-26 00:00:00,T-Series Regional,https://www.youtube.com/watch?v=aYkxkAVZnYk
164,Pahaadu Ki Bwari - Garhwali Video Song Dedicated To Women Of Uttarakhand - Birendra Dangwal,401.0,2013-02-26 00:00:00,T-Series Regional,https://www.youtube.com/watch?v=Ot1IRpVCihA
165,Naru Ma Narainn Video Song Gajender Rana - Heera Samdhini Garhwali Album 2013,565.0,2013-02-25 00:00:00,T-Series Regional,https://www.youtube.com/watch?v=8jV9bha1OQk
166,Chifli Baand Song - Latest Garhwali Video Babaal Album - Birendra Dangwal,304.0,2013-02-25 00:00:00,T-Series Regional,https://www.youtube.com/watch?v=EIvNl-EimwE
167,Nanda Raaj Jaat 2013 Gajender Rana - Heera Samdhini Garhwali Album,710.0,2013-02-25 00:00:00,T-Series Regional,https://www.youtube.com/watch?v=OaQnP0Y3D8c
168,Meri Ganga Holi Ta Maimu Aali - Part i & ii (Full Movie Garhwali),10006.0,2013-02-23 00:00:00,T-Series Regional,https://www.youtube.com/watch?v=hJF_G7JblJI
169,Khudeni Na Rayee Studio Recording - Latest Garhwali Album Feat. Vinod Sirola & Anuradha Nirala,180.0,2013-02-23 00:00:00,T-Series Regional,https://www.youtube.com/watch?v=-PK8Jo4yrG8
170,Lambi Laanu Dhoti Ni Video Song - Babaal Latest Garhwali Album 2013 - Birendra Dangwal,278.0,2013-02-18 00:00:00,T-Series Regional,https://www.youtube.com/watch?v=Z5Z_ejT_T-0
171,Kuldi Bazaar Video Song - Heera Samdhini Gajender Rana - Latest Garhwali Album Songs 2013,363.0,2013-02-17 00:00:00,T-Series Regional,https://www.youtube.com/watch?v=MeYQBpS0HjM
172,Babaal Garhwali Full Video Song Birendra Dangwal - Latest Uttarakhandi Album Songs 2013,298.0,2013-02-15 00:00:00,T-Series Regional,https://www.youtube.com/watch?v=o0PkjP1Z8PU
173,Heera Samdhini Title Video Full Song - Gajender Rana Latest Garhwali Album Songs 2013,350.0,2013-02-14 00:00:00,T-Series Regional,https://www.youtube.com/watch?v=oA2dMKWNKS0
174,Daaju Myaraa Syola - Kumaoni Video Song - Tu Bhali Hai Rayai,351.0,2013-02-09 00:00:00,T-Series Regional,https://www.youtube.com/watch?v=RDR1_u6XJR4
175,Teri Gori Oojau Mukhadi Full Song Kumaoni | Naani Naani Seema | Lalit Mohan Joshi,369.0,2013-02-06 00:00:00,T-Series Regional,https://www.youtube.com/watch?v=s2A_Yq3VTE8
176,Roope Ki Raani Full Song Kumaoni | Naani Naani Seema | Lalit Mohan Joshi,342.0,2013-02-05 00:00:00,T-Series Regional,https://www.youtube.com/watch?v=Oi9Ysf-g2_0
177,Yo Dil Bheetar- 33 Non Stop Geet | Fauji Lalit Mohan Joshi Superhit Kumaoni Video Songs,3372.0,2013-02-04 00:00:00,T-Series Regional,https://www.youtube.com/watch?v=zQ_7AhPfGts
178,Parani Mayadar Binduli Full Song Kumaoni | Naani Naani Seema | Lalit Mohan Joshi,377.0,2013-02-03 00:00:00,T-Series Regional,https://www.youtube.com/watch?v=N2ei0y13tL0
179,O Manisha Full Song Kumaoni | Naani Naani Seema | Lalit Mohan Joshi,352.0,2013-02-02 00:00:00,T-Series Regional,https://www.youtube.com/watch?v=UM0mqIj3n-A
180,Chandani Ko Chand Full Song Kumaoni | Naani Naani Seema | Lalit Mohan Joshi,322.0,2013-02-02 00:00:00,T-Series Regional,https://www.youtube.com/watch?v=heRqQW_vKXI
181,Naani Naani Seema (Title Song) - Kumaoni Songs Lalit Mohan Joshi,374.0,2013-02-01 00:00:00,T-Series Regional,https://www.youtube.com/watch?v=fDcWlFGxntA
182,"Meri Suwa Full Song Kumaoni | Naani Naani Seema | Lalit Mohan Joshi, Meena Rana",416.0,2013-02-01 00:00:00,T-Series Regional,https://www.youtube.com/watch?v=UShULwkNdSE
183,Dana Khano Mein Full Song Kumaoni - Meena Rana - Naani Naani Seema,438.0,2013-02-01 00:00:00,T-Series Regional,https://www.youtube.com/watch?v=BzDdxOnVx90
184,☞ Chal Maaya Ka Baatau - Garhwali Full Video Song - Teri Mukhri Aankhyun Ma Basin,326.0,2012-12-18 00:00:00,T-Series Regional,https://www.youtube.com/watch?v=TsEeV86yEh4
185,☞ Silkee Baan Ghuru - Full Video Song - Lon Mirch (Garhwali Remix Dhamaka),362.0,2012-12-13 00:00:00,T-Series Regional,https://www.youtube.com/watch?v=Zf7S3JqnqgU
186,☞ Terei Sau Tere Sau - Garhwali Full Video Song - Teri Mukhri Aankhyun Ma Basin,387.0,2012-12-11 00:00:00,T-Series Regional,https://www.youtube.com/watch?v=Cq5WSgYxFPA
187,☞ Kvee Ch Mayalee - Garhwali Full Video Song - Teri Mukhri Aankhyun Ma Basin,358.0,2012-12-10 00:00:00,T-Series Regional,https://www.youtube.com/watch?v=vwj4O9xqU8s
188,☞ Teri Maya Maa Title Song - Garhwali Movie Song - Suresh Chandra Kala,452.0,2012-12-06 00:00:00,T-Series Regional,https://www.youtube.com/watch?v=49sea2Qs-sY
189,☞ Aaj Myara Dagda Ku Byo Cha - Full Video Song - Lon Mirch (Garhwali Remix Dhamaka),419.0,2012-12-04 00:00:00,T-Series Regional,https://www.youtube.com/watch?v=RAibAMUEPXc
190,Nee Reiyaindu - Full Video Song - Lon Mirch (Garhwali Remix Dhamaka),305.0,2012-11-10 00:00:00,T-Series Regional,https://www.youtube.com/watch?v=9u9ib2yIQo0
191,Patlee Kamar - Full Video Song - Lon Mirch (Garhwali Remix Dhamaka),249.0,2012-11-08 00:00:00,T-Series Regional,https://www.youtube.com/watch?v=_52sXkKyfvE
192,Myara Nikhila Baajyu - Full Video Song Kumaoni - Nauli Paraan Kareena Bhauji Album,444.0,2012-11-07 00:00:00,T-Series Regional,https://www.youtube.com/watch?v=JKed6XsQQVc
193,Panditjyo Meri Paatri - Full Video Song Kumaoni - Nauli Paraan Kareena Bhauji Album,358.0,2012-11-06 00:00:00,T-Series Regional,https://www.youtube.com/watch?v=Z5CmFDNlqOo
194,Pardesh Jaanya Sipaahi - Full Video Song Kumaoni - Nauli Paraan Kareena Bhauji Album,372.0,2012-11-06 00:00:00,T-Series Regional,https://www.youtube.com/watch?v=0hB-xS1WT3w
195,To Teri Nishani - Full Video Song Kumaoni - Nauli Paraan Kareena Bhauji Album,371.0,2012-11-05 00:00:00,T-Series Regional,https://www.youtube.com/watch?v=yK0cYeUqClg
196,Rangili Sor Maa - Full Video Song Kumaoni - Nauli Paraan Kareena Bhauji Album,310.0,2012-11-04 00:00:00,T-Series Regional,https://www.youtube.com/watch?v=_ZKH3oMzBA4
197,Meri Nauli Paraan - Full Video Song Kumaoni - Nauli Paraan Kareena Bhauji Album,346.0,2012-11-03 00:00:00,T-Series Regional,https://www.youtube.com/watch?v=TvZaxiIS0qE
198,Jhooto Tero Pyaar - Full Video Song Kumaoni - Nauli Paraan Kareena Bhauji Album,407.0,2012-11-03 00:00:00,T-Series Regional,https://www.youtube.com/watch?v=H4RaYhI7Z98
199,Kya Jamana Bigdayo Kareena Bhauji - Full Video Song Kumaoni - Nauli Paraan Kareena Bhauji,436.0,2012-11-03 00:00:00,T-Series Regional,https://www.youtube.com/watch?v=fNqx_UCtbV4
200,Sauli Dhoora Dhoor - Full Video Song - Lon Mirch (Garhwali Remix Dhamaka),251.0,2012-10-31 00:00:00,T-Series Regional,https://www.youtube.com/watch?v=3vGN6vPr7sE
201,Jab Jab Meri Mukhdi - Full Video Song - Lon Mirch (Garhwali Remix Dhamaka),316.0,2012-10-31 00:00:00,T-Series Regional,https://www.youtube.com/watch?v=h_UE7B-SEDk
202,MAN MOHANYA MURULI - Full Movie - Garhwali,9906.0,2012-10-31 00:00:00,T-Series Regional,https://www.youtube.com/watch?v=fVuP_Y_3ZRQ
203,Silkee Silkee Full Video Song - Lon Mirch (Garhwali Remix Dhamaka),221.0,2012-10-30 00:00:00,T-Series Regional,https://www.youtube.com/watch?v=gTR4aSSqPyc
204,Reshama Bhali Chand Chhori  - Garhwali Video Song - Vinod Bijalvan,317.0,2012-10-29 00:00:00,T-Series Regional,https://www.youtube.com/watch?v=xnlv3Gm9nY8
205,"Ganga Paare Ki Jamuna Syaali - Garhwali Video Song - Vinod Bijalvan, Meena Rana",316.0,2012-10-29 00:00:00,T-Series Regional,https://www.youtube.com/watch?v=KRDfYZTys1Y
206,Nanda Raaj Jaat Full Song - Heera Samdhini Garhwali Album - Gajender Rana Hits,714.0,2012-10-28 00:00:00,T-Series Regional,https://www.youtube.com/watch?v=GM-vgmP4Bxg
207,Kuldi Bazaar Full Song - Heera Samdhini Garhwali Album - Gajender Rana Hits,367.0,2012-10-27 00:00:00,T-Series Regional,https://www.youtube.com/watch?v=VftPY5lRNJU
208,"Tu Bhali Hai Rayai (Title Song) - Kumaoni Video Song Diwan Kanwal, Meena Rana",346.0,2012-10-27 00:00:00,T-Series Regional,https://www.youtube.com/watch?v=X58aLbF3fgM
209,Jaamnikhal Ki Full Song - Heera Samdhini Garhwali Album - Gajender Rana Hits,344.0,2012-10-27 00:00:00,T-Series Regional,https://www.youtube.com/watch?v=RC4cHao9Hsk
210,Jeep Gaadi Ku Driver Full Song - Heera Samdhini Garhwali Album - Gajender Rana Hits,490.0,2012-10-27 00:00:00,T-Series Regional,https://www.youtube.com/watch?v=um21eIkrPU8
211,Naru Ma Narainn Full Song - Heera Samdhini Garhwali Album - Gajender Rana Hits,569.0,2012-10-27 00:00:00,T-Series Regional,https://www.youtube.com/watch?v=6sY2mpJtjEA
212,Oonki Bannt Ma Ujyaalo (Full Song) - Khudeni Na Rayee - Vinod Sirola Garhwali Songs,513.0,2012-10-27 00:00:00,T-Series Regional,https://www.youtube.com/watch?v=VsKNc2pwjdg
213,Rasima Chhori Full Song - Heera Samdhini Garhwali Album - Gajender Rana & Meena Rana,312.0,2012-10-27 00:00:00,T-Series Regional,https://www.youtube.com/watch?v=pT-X4bpWLTo
214,Jaan Walo Tumhari Na Kwi (Full Song) - Khudeni Na Rayee - Vinod Sirola Garhwali Songs,561.0,2012-10-27 00:00:00,T-Series Regional,https://www.youtube.com/watch?v=9RhhyK3raUE
215,Chakka Chundari - Latest Garhwali Song 2012 - Heera Samdhini Gajender Rana,342.0,2012-10-27 00:00:00,T-Series Regional,https://www.youtube.com/watch?v=j3INclysnBY
216,Ganga Ka Chhaala (Full Song) - Khudeni Na Rayee - Vinod Sirola Garhwali Songs,486.0,2012-10-27 00:00:00,T-Series Regional,https://www.youtube.com/watch?v=gUex2_4KFjs
217,Adkacha Pinaau - Kumaoni Video Song - Tu Bhali Hai Rayai,275.0,2012-10-26 00:00:00,T-Series Regional,https://www.youtube.com/watch?v=V0Fd0SWQp1k
218,Khudeni Na Rayee Title Song - Latest Garhwali Album 2012 By Vinod Sirola,415.0,2012-10-26 00:00:00,T-Series Regional,https://www.youtube.com/watch?v=854qYWZ-sh4
219,Heera Samdhini Title Song - Latest Garhwali Song 2012 - Gajender Rana New Album,354.0,2012-10-26 00:00:00,T-Series Regional,https://www.youtube.com/watch?v=cDgTa0cqxgw
220,"Yaa Baaduli Kaiki Holi - Garhwali Video Song - Vinod Bijalvan, Meena Rana",246.0,2012-10-26 00:00:00,T-Series Regional,https://www.youtube.com/watch?v=cYttzndol0Q
221,Basanti Khut Mein Pyara - Kumaoni Video Song - Tu Bhali Hai Rayai,292.0,2012-10-26 00:00:00,T-Series Regional,https://www.youtube.com/watch?v=-055nYI1mn4
222,Mukhdi Mayalee Full Video Song - Lon Mirch (Garhwali Remix Dhamaka),386.0,2012-10-23 00:00:00,T-Series Regional,https://www.youtube.com/watch?v=698WfiDcRp8
223,Na Baal Bakhaai (Kumaoni Video Song) - Tu Bhali Hai Rayai,278.0,2012-10-23 00:00:00,T-Series Regional,https://www.youtube.com/watch?v=-IWr2_CIpH8
224,Sairu Bajaaru Pakki Paina (Jaipuri Dupatta) - Garhwali Songs Vinod Bijalvan,393.0,2012-10-22 00:00:00,T-Series Regional,https://www.youtube.com/watch?v=qOuW-23M-78
225,MUNNA BHAI- Part 2 (Garhwali Full Length Movie),3573.0,2012-10-21 00:00:00,T-Series Regional,https://www.youtube.com/watch?v=HVd1G2hkfy4
226,Hauri Aage (Uttrakhandi Holi Songs) - Kumauni Chitrageet Hira Singh Rana,354.0,2012-10-15 00:00:00,T-Series Regional,https://www.youtube.com/watch?v=vRhZFIDvCGw
227,Ghar Bati Chitthi Aegyayee | Garhwali Super Hit Song Chakrachaal Movie,356.0,2012-10-15 00:00:00,T-Series Regional,https://www.youtube.com/watch?v=ZQYDqZjUmhI
228,Vidhata Nirdayi Nithor Vidhata (Sad garhwali Song Chakrachaal) | Narender Singh Negi,380.0,2012-10-15 00:00:00,T-Series Regional,https://www.youtube.com/watch?v=cYZWIP7Xw94
229,"Geet lana Taandi Bal (Garhwali Movie Song) | Narender Singh Negi, Anuradha Paudwal",326.0,2012-10-14 00:00:00,T-Series Regional,https://www.youtube.com/watch?v=ygPrS2fmvbk
230,MUNNA BHAI- Part 1 (Garhwali Full Length Movie),3247.0,2012-10-12 00:00:00,T-Series Regional,https://www.youtube.com/watch?v=V2fhCSkgt3Q
231,"Tile Dharu Bola | Pritam Bharatwan, Anuradha Nirala - Garhwali Video Song",248.0,2012-10-12 00:00:00,T-Series Regional,https://www.youtube.com/watch?v=VS4Rg0R_e3Y
232,Saat Supaa Jhudari (Kumaoni Video Song) - Tu Bhali Hai Rayai,244.0,2012-10-12 00:00:00,T-Series Regional,https://www.youtube.com/watch?v=ysTr9nYFo-4
233,He Suva Pyaari Suva  (Jaipuri Dupatta) - Garhwali Songs Vinod Bijalvan,334.0,2012-10-11 00:00:00,T-Series Regional,https://www.youtube.com/watch?v=8NOR7d5u9Us
234,Naun Ki Si Gundki (Full Video Song) | Kabhi Sukh Kabhi Dukh Garhwali Movie Songs,194.0,2012-10-10 00:00:00,T-Series Regional,https://www.youtube.com/watch?v=3BPx072GC_Y
235,Laska Dhasko Ma Chali (Famous Garhwali Dance Song) | Chakrachal Movie,334.0,2012-10-09 00:00:00,T-Series Regional,https://www.youtube.com/watch?v=gRADIz6k2r8
236,Samalaunya Raige | Garhwali Video Song | Supinyu Album,376.0,2012-10-03 00:00:00,T-Series Regional,https://www.youtube.com/watch?v=mcVBVvd98OM
237,Supinyu (Title Song) - Garhwali Folk Video Songs,476.0,2012-10-01 00:00:00,T-Series Regional,https://www.youtube.com/watch?v=rXbSPMTpW2o
238,Veer Bhad Aaloo Bagiyaal (Garhwali Video Song) | Rachita Hey Myali Album Songs,395.0,2012-09-30 00:00:00,T-Series Regional,https://www.youtube.com/watch?v=3oO3rQ_cBss
239,Surat Dekhi Debuli (Jhauda) | Pooran Singh Daanu Kumaoni Songs,360.0,2012-09-29 00:00:00,T-Series Regional,https://www.youtube.com/watch?v=wadqi0PYIKk
240,Teri Surat Dekhi Anju (Meri Roopa Baan) - Kumaoni Folk Video Song,385.0,2012-09-28 00:00:00,T-Series Regional,https://www.youtube.com/watch?v=TnbfwfJ4kFE
241,Khola Kholau Ma (Garhwali Video Song) - Rachita Hey Myali,416.0,2012-09-28 00:00:00,T-Series Regional,https://www.youtube.com/watch?v=M-VODRYtGWY
242,O Deba Maasoo Deba | Yaad Aandi Teeri Ki | Garhwali Video Song,388.0,2012-09-28 00:00:00,T-Series Regional,https://www.youtube.com/watch?v=sO62mz9rcvw
243,Hey Kaanchhi Naani Kasto  (Kumaoni Video Songs) Meri Roopa Baan Album,447.0,2012-09-26 00:00:00,T-Series Regional,https://www.youtube.com/watch?v=O9BCBqq33RQ
244,"Maina Syaali Baanj Ku Hareel (Garhwali Video Song) - Devendra Prasad Chamoli, Meena Rana",430.0,2012-09-26 00:00:00,T-Series Regional,https://www.youtube.com/watch?v=CTpR5fWlv7k
245,Kaanu Maa Runaat (Garhwali Movie Song) - Man Mohanya Muruli,365.0,2012-09-24 00:00:00,T-Series Regional,https://www.youtube.com/watch?v=4L9WOPH0i8k
246,Chudiyon Bhariyon Meru Haath (Garhwali Movie Song) - Man Mohanya Muruli,374.0,2012-09-22 00:00:00,T-Series Regional,https://www.youtube.com/watch?v=OSJhtjYXGHA
247,"Teru Chhail Gail (Garhwali Video Song) - Virendra Singh, Meena Rana",439.0,2012-09-20 00:00:00,T-Series Regional,https://www.youtube.com/watch?v=YyP8m3eUAoI
248,Haath Ma Teri Mobile (Kumaoni Video Songs) - Meri Roopa Baan,265.0,2012-09-20 00:00:00,T-Series Regional,https://www.youtube.com/watch?v=wl0jLfa6nYE
249,Santati Gadh Ma Holi (Garhwali Video Song) - Rachita Hey Myali,567.0,2012-09-18 00:00:00,T-Series Regional,https://www.youtube.com/watch?v=COBAQDh_lms
250,"Yaad Aandi Teeri Ki (Garhwali Video Song) - Devendra Prasad Chamoli, Kusum Negi",509.0,2012-09-17 00:00:00,T-Series Regional,https://www.youtube.com/watch?v=EX5Lgr8gcm8
251,Bhaule Ki Jaan Maile (Kumaoni Video Songs) - Meri Roopa Baan,371.0,2012-09-12 00:00:00,T-Series Regional,https://www.youtube.com/watch?v=LealvVZFS0g
252,Din Chhipee Teri Yaad Aandi (Garhwali Video Song) - Yaad Aandi Teeri Ki,544.0,2012-09-11 00:00:00,T-Series Regional,https://www.youtube.com/watch?v=H0Wjjt-dCEQ
253,"Jiya Pyaari (Garhwali Folk Songs) - Virendra Singh, Uma ""Supinyu""",425.0,2012-09-11 00:00:00,T-Series Regional,https://www.youtube.com/watch?v=ePRzoEe5cSg
254,Devi Jagar (Garhwali Devotional Song) - Rachita Hey Myali | Vinod Bagiyal,449.0,2012-09-10 00:00:00,T-Series Regional,https://www.youtube.com/watch?v=razV8l0KTu4
255,"Bhanglyaa Budhaya Ji (Garhwali Video Songs) - Virendra Singh, Meena Rana",376.0,2012-09-10 00:00:00,T-Series Regional,https://www.youtube.com/watch?v=czXKMsE28L0
256,"Sadakyon Ka Mod - Garhwali Video Songs | Virendra Singh, Meena Rana",423.0,2012-09-07 00:00:00,T-Series Regional,https://www.youtube.com/watch?v=dOUKdgaAg5I
257,"Mukhdi Mayaali - Garhwali Video Songs Virendra Singh ""Supinyu""",455.0,2012-09-06 00:00:00,T-Series Regional,https://www.youtube.com/watch?v=Dv0eNcH6JQg
258,"Teri Aakhyun Maa (Jaipuri Dupatta) - Garhwali Songs Vinod Bijalvan, Meena Rana",307.0,2012-09-03 00:00:00,T-Series Regional,https://www.youtube.com/watch?v=LVTWFMl3l9A
259,Todi Naa Gailya (Supinyu) - Garhwali Video Songs,443.0,2012-09-03 00:00:00,T-Series Regional,https://www.youtube.com/watch?v=Smns6oI4rbY
260,Chhai Phoot Sadaka (Kumaoni Video Song) - Tu Bhali Hai Rayai,280.0,2012-09-02 00:00:00,T-Series Regional,https://www.youtube.com/watch?v=-i95RSICQ2A
261,Kamar Jaani Biloj Ki (Kumaoni Video Song) - Tu Bhali Hai Rayai,307.0,2012-09-01 00:00:00,T-Series Regional,https://www.youtube.com/watch?v=7m54Pj6FPxo
262,Baageshwar Bazaar Ma (Kumaoni Folk Video Songs) - Meri Roopa Baan,371.0,2012-08-29 00:00:00,T-Series Regional,https://www.youtube.com/watch?v=2mwg57nIOx4
263,Teri Ton Aakhiyon Maa - Garhwali Video Song | Gajender Rana,169.0,2012-08-29 00:00:00,T-Series Regional,https://www.youtube.com/watch?v=xRObIXjRaZE
264,Kaga Aegi Ned (Garhwali Folk Video Songs) - Rachita Hey Myali,425.0,2012-08-29 00:00:00,T-Series Regional,https://www.youtube.com/watch?v=VUtwj7wAo4I
265,Tve Vivoloo Hey Radhika (Garhwali Folk Songs) - Yaad Aandi Teeri Ki,349.0,2012-08-29 00:00:00,T-Series Regional,https://www.youtube.com/watch?v=V-iCLuEP_Ow
266,Rachita Hey Myali (Title Song) - Superhit Garhwali Video Song,348.0,2012-08-25 00:00:00,T-Series Regional,https://www.youtube.com/watch?v=erppzTvxJqU
267,Sheela Rukima Paaki Jaala Kela (Yaad Aandi Teeri Ki) - Garhwali Folk Songs,268.0,2012-08-24 00:00:00,T-Series Regional,https://www.youtube.com/watch?v=0Jv3Z8t5By4
268,Mulmul Ke Ko Hesni Che (Geet Ganga- 32 Non Stop) - Uttrakhandi Lokgeet Narendra Singh Negi,1772.0,2012-08-22 00:00:00,T-Series Regional,https://www.youtube.com/watch?v=vrFLgKdk7nA
269,Jab Jab Tu Mitei Yaad Andi (Teri Ton Aakhiyon Maa) - Gajendra Rana Garhwali Songs,324.0,2012-08-22 00:00:00,T-Series Regional,https://www.youtube.com/watch?v=zd1e-Rv-p70
270,Baith Kamla Gaadi Ma (Kumaoni Video Song) - Meri Roopa Baan,380.0,2012-08-21 00:00:00,T-Series Regional,https://www.youtube.com/watch?v=oZVuEEI4CqE
271,Chham Baajina Tera Ghunghroo (Garhwali Folk Video Songs) - Rachita Hey Myali,290.0,2012-08-21 00:00:00,T-Series Regional,https://www.youtube.com/watch?v=4CCY6qYyOGA
272,Yaad Aandi Teri Ghara Ghari (Garhwali Folk Songs) - Yaad Aandi Teeri Ki,380.0,2012-08-21 00:00:00,T-Series Regional,https://www.youtube.com/watch?v=SgsjRk4PCNA
273,Aawa Didi Bhuliyon (Geet Ganga- 32 Non Stop) - Uttrakhandi Sur Samrat Narendra Singh Negi,1764.0,2012-08-20 00:00:00,T-Series Regional,https://www.youtube.com/watch?v=p0AuWXBa1yA
274,Hey Dhyani Pilaidi Paani (Garhwali Video Songs) - Teri Ton Aakhiyon Maa,323.0,2012-08-18 00:00:00,T-Series Regional,https://www.youtube.com/watch?v=NHc0RbgoHGk
275,Haai Kya Chaal Chhan (Rachita Hey Myali) - Garhwali Video Songs,278.0,2012-08-18 00:00:00,T-Series Regional,https://www.youtube.com/watch?v=iAYHHCvvtg8
276,Kaisi Bataon Meri Roopa Wei (Kumaoni Video Songs) - Meri Roopa Baan,327.0,2012-08-18 00:00:00,T-Series Regional,https://www.youtube.com/watch?v=91r0R2E1nXQ
277,Hausiya Umarcha Teri (Garhwali Folk Video Songs) - Yaad Aandi Teeri Ki,453.0,2012-08-18 00:00:00,T-Series Regional,https://www.youtube.com/watch?v=31xIM6nmUvU
278,Kaleja Ka Din Manju - Kumaoni Song Fauji Lalit Mohan Joshi (Sabokai Dege Jhatka),399.0,2012-07-29 00:00:00,T-Series Regional,https://www.youtube.com/watch?v=wkis1a-CcfU
279,Baali Chh Umar Taara - Kumaoni Songs Lalit Mohan Joshi - Sabokai Dege Jhatka,364.0,2012-07-28 00:00:00,T-Series Regional,https://www.youtube.com/watch?v=pxm_aXlsavY
280,"Hit Pardesi - Latest Kumaoni Song 2012 ""Hey Reeta""",399.0,2012-07-27 00:00:00,T-Series Regional,https://www.youtube.com/watch?v=rY_gjR3BN-M
281,Maaya Mithu (Sabokai Dege Jhatka) - Kumaoni Song Neelu Johri,448.0,2012-07-27 00:00:00,T-Series Regional,https://www.youtube.com/watch?v=P85mDk70ipY
282,Ramnagar Ki Sunita (Hit Kumaoni Song 2012) - Hey Reeta,451.0,2012-07-27 00:00:00,T-Series Regional,https://www.youtube.com/watch?v=UvjA3WGA7Q0
283,Ranikhet Ki Baan - Latest Kumaoni Song 2012 - Hey Reeta Album,387.0,2012-07-26 00:00:00,T-Series Regional,https://www.youtube.com/watch?v=St15_GC-H6c
284,"Hey Meri Bhaguli - New Kumaoni Song 2012 ""Hey Reeta Album""",314.0,2012-07-25 00:00:00,T-Series Regional,https://www.youtube.com/watch?v=W9CCKCSa6Fg
285,"Almore Ki Pooja - Latest Kumaoni Song ""Hey Reeta"" Album",330.0,2012-07-23 00:00:00,T-Series Regional,https://www.youtube.com/watch?v=4VEQVFcHU7Y
286,Hey Reeta - Title Song Latest Kumaoni Album 2012 (Full Video),400.0,2012-07-23 00:00:00,T-Series Regional,https://www.youtube.com/watch?v=arT0jQvtkdc
287,Daana Baasi Mor Re (New Kumaoni Song 2012) - Hey Reeta,457.0,2012-07-22 00:00:00,T-Series Regional,https://www.youtube.com/watch?v=sTQCITA8frA
288,Phur Phur Udeinee - New Kumaoni Song - Hey Reeta Album,322.0,2012-07-21 00:00:00,T-Series Regional,https://www.youtube.com/watch?v=KBqmkhgqkfo
289,Hey Kaanchha - Latest Kumaoni Song 2012 - Hey Reeta,332.0,2012-07-21 00:00:00,T-Series Regional,https://www.youtube.com/watch?v=H6yKivQP-Gw
290,Jai Ghandiyal Dev Ji - Garhwali Devotional Song Hukum Singh Rawat,387.0,2012-07-19 00:00:00,T-Series Regional,https://www.youtube.com/watch?v=BfuLePdSJ-4
291,Non Stop Pahadi Natiyaan - Himachali Back To Back Video Songs,3543.0,2012-07-18 00:00:00,T-Series Regional,https://www.youtube.com/watch?v=4oclkBsfxTg
292,Bana Nilma (Kumaoni Video Songs) - Sabokai Dege Jhatka,381.0,2012-07-17 00:00:00,T-Series Regional,https://www.youtube.com/watch?v=QZT9taRRaL4
293,Meri Gailyaa Rupa - Mamta Dildaar - Garhwali Video Songs,459.0,2012-06-30 00:00:00,T-Series Regional,https://www.youtube.com/watch?v=7_3VXFVqvvs
294,Munsiyaari Baati Meri Manju - Kumaoni Video Songs - Sabokai Dege Jhatka,439.0,2012-06-28 00:00:00,T-Series Regional,https://www.youtube.com/watch?v=QbwDaBDtosE
295,Hey Saroja Rani (Uttrakhandi Video Song) - Mamta Dildaar,434.0,2012-06-28 00:00:00,T-Series Regional,https://www.youtube.com/watch?v=AJmGrTA3Yys
296,Hey Didi Hey Bhuliyon - Garhwali Video Songs | Mamta Dildaar,428.0,2012-06-28 00:00:00,T-Series Regional,https://www.youtube.com/watch?v=XVNRyfEVSZ0
297,Jaanu Teri Pyar - Kumaoni Video Songs Fauji Lalit Mohan Joshi | Sabokai Dege Matka,397.0,2012-06-26 00:00:00,T-Series Regional,https://www.youtube.com/watch?v=X7gpsF2HlGQ
298,"Vyakhuni Da Pei - Garhwali Video Song - Meena Rana, Vijay Lingwal",337.0,2012-06-26 00:00:00,T-Series Regional,https://www.youtube.com/watch?v=UsQKgueIEck
299,"Saujanya Saru - Garhwali Video Song Hukum Singh Rawat, Deva Bagiyal",389.0,2012-06-25 00:00:00,T-Series Regional,https://www.youtube.com/watch?v=MXI_RkEhm_E
300,Ulaalaryaa Bhauji (Uttrakhandi Folk Video Song) - Basant Bahar,184.0,2012-06-23 00:00:00,T-Series Regional,https://www.youtube.com/watch?v=aOWILC8gH2A
301,Hey Manisha - Sabokai Dege Jhatka | Fauji Lalit Mohan Joshi Kumaoni Songs,305.0,2012-06-22 00:00:00,T-Series Regional,https://www.youtube.com/watch?v=iy3ahVSsoIM
302,Holi Hey Pyaari Jaayi (Garhwali Video Songs) - Mamta Dildaar,399.0,2012-06-22 00:00:00,T-Series Regional,https://www.youtube.com/watch?v=Y9Wk7UR1kcE
303,Shem Ka Daanda - Uttrakhandi Devotional Songs - Fundri Baand,373.0,2012-06-21 00:00:00,T-Series Regional,https://www.youtube.com/watch?v=IA1nmKrcC2A
304,Paudi Khaale Ki Baand - Garhwali Hit Video Songs | Purbu Badnaam Hwege,471.0,2012-06-21 00:00:00,T-Series Regional,https://www.youtube.com/watch?v=N9Gk6S-AFLo
305,Ghaghari Bathei Chh - Garhwali Video Songs | Fundri Baand,348.0,2012-06-20 00:00:00,T-Series Regional,https://www.youtube.com/watch?v=tPqwq19bxhw
306,"Gori Gori Naani Naani - Kumaoni Lokgeet ""Suwa Risaige""",285.0,2012-06-20 00:00:00,T-Series Regional,https://www.youtube.com/watch?v=pqIRiMjYSwE
307,Thakuli Koo Kaansu (Garhwali Folk Video Song) - Basant Bahar,247.0,2012-06-19 00:00:00,T-Series Regional,https://www.youtube.com/watch?v=TOkH4uI8go8
308,Meri Maayadar Re - Garhwali Video Song | Purbu Badnaam Hwege,295.0,2012-06-18 00:00:00,T-Series Regional,https://www.youtube.com/watch?v=ZPJIt8WebWs
309,Pardeshi Mayadar (Suwa Risaige) - Kumaoni Lokgeet,450.0,2012-06-16 00:00:00,T-Series Regional,https://www.youtube.com/watch?v=R9n4kkXhD2U
310,Chala Ta Baini - Devi Geet (Uttrakhandi Bhakti Video Songs),421.0,2012-06-15 00:00:00,T-Series Regional,https://www.youtube.com/watch?v=ZjrikJ_sGqI
311,Meri Ringmati- Beda Geet (Garhwali Folk Video Songs) - Mamta Dildaar,408.0,2012-06-15 00:00:00,T-Series Regional,https://www.youtube.com/watch?v=ySOrdcoCHBk
312,Hvaigyon Budhyaa Hvaigyo- Geet (Garhwali Folk Video Song),298.0,2012-06-15 00:00:00,T-Series Regional,https://www.youtube.com/watch?v=3-CmzXfxHhA
313,Jammu Kashmir-Fauji | Uttrakhandi Folk Video Songs - Fundri Baand,480.0,2012-06-14 00:00:00,T-Series Regional,https://www.youtube.com/watch?v=BaL9pVfOkpk
314,Sadakyon Ka Mod (Garhwali Video Song) - Basant Bahar,441.0,2012-06-14 00:00:00,T-Series Regional,https://www.youtube.com/watch?v=k9ZDH-uc2jI
315,"Drivera Dajyu (Suwa Risaige) - Kumaoni Lokgeet Ramesh Babu Joshi, Hema Dhyani",272.0,2012-06-13 00:00:00,T-Series Regional,https://www.youtube.com/watch?v=eAUEniXs6Xs
316,Haathau Ma Sona Ki Chudi - Garhwali Folk Video Songs | Purbu Badnaam Hwege,387.0,2012-06-13 00:00:00,T-Series Regional,https://www.youtube.com/watch?v=TdW3lzJU9AI
317,Brahmachari Chhu (Suwa Risaige) - Kumaoni Lokgeet,354.0,2012-06-12 00:00:00,T-Series Regional,https://www.youtube.com/watch?v=EsZ4Qs9Bnmg
318,Saasu Vodi Meri Buari Nakhiri | Jog Jaani- Garhwali Dohe,362.0,2012-06-09 00:00:00,T-Series Regional,https://www.youtube.com/watch?v=DOqtpbPBxrQ
319,Ghughuti Udi Ja | Suwa Risaige - Kumaoni Old Video Songs,352.0,2012-06-08 00:00:00,T-Series Regional,https://www.youtube.com/watch?v=eQpjTZhtIpg
320,Tina Chhori (Fundri Baand) - Garhwali Video Songs Gajendra Rana,376.0,2012-06-08 00:00:00,T-Series Regional,https://www.youtube.com/watch?v=yIt7Mrfl7Tc
321,Dil Lilhaege - Kumaoni Lokgeet (Suwa Risaige) | Ramesh Babu Joshi & Hema Dhyani,371.0,2012-06-08 00:00:00,T-Series Regional,https://www.youtube.com/watch?v=q_TnEaY5s18
322,Matru Bhoomi Chhodi- Geet | Jog Jaani- Garhwali Dohe,473.0,2012-06-07 00:00:00,T-Series Regional,https://www.youtube.com/watch?v=7ilFo1VDDyg
323,Kandi Batuwa - Purbu Badnaam Hwege | Full Video Song Garhwali,375.0,2012-06-06 00:00:00,T-Series Regional,https://www.youtube.com/watch?v=QY-PeQ1zq5M
324,Suwa Risaige - Kumaoni Lokgeet | Ramesh Babu Joshi,457.0,2012-06-05 00:00:00,T-Series Regional,https://www.youtube.com/watch?v=-SbIThK8Fak
325,Mukhdi Mayaali (Garhwali Folk Video Song) - Basant Bahar,444.0,2012-06-04 00:00:00,T-Series Regional,https://www.youtube.com/watch?v=kdTs49ceFVM
326,Nauni Nagpuriya (Garhwali Video Song) - Fundri Baand | Gajender Rana Hits,461.0,2012-06-02 00:00:00,T-Series Regional,https://www.youtube.com/watch?v=11QiUceyG4c
327,Bhali Sau Jadya - Garhwali Video Song | Purbu Badnaam Hwege,392.0,2012-06-02 00:00:00,T-Series Regional,https://www.youtube.com/watch?v=4GbLwQv8wMo
328,Meri Sai Chanara (Kumaoni Lokgeet) - Suwa Risaige,359.0,2012-05-31 00:00:00,T-Series Regional,https://www.youtube.com/watch?v=o7Ri2wAnKyM
329,Maya Jaal Ma (Garhwali Video Song) - Fundri Baand,362.0,2012-05-31 00:00:00,T-Series Regional,https://www.youtube.com/watch?v=EfUq7NWTmIY
330,Vimla Tanduli Ki Taand - Garhwali Video Song | Purbu Badnaam Hwege,348.0,2012-05-29 00:00:00,T-Series Regional,https://www.youtube.com/watch?v=NOoxHyX2Ejk
331,Suratu Lala (Garhwali Video Song) - Fundri Baand,323.0,2012-05-29 00:00:00,T-Series Regional,https://www.youtube.com/watch?v=mD-lqByxrxM
332,Purbu Badnaam Hwege - Garhwali Video Song | Manglesh Dangwal Hits,472.0,2012-05-28 00:00:00,T-Series Regional,https://www.youtube.com/watch?v=_TOenRBHnwY
333,Fundri Baand - New Garhwali Song Gajender Rana,377.0,2012-05-28 00:00:00,T-Series Regional,https://www.youtube.com/watch?v=I-TTeEe6q6w
334,Hey Nakharyali - New Kumaoni Video Song | Haye Re Soniya,393.0,2012-05-26 00:00:00,T-Series Regional,https://www.youtube.com/watch?v=ybA4NyoAI_Y
335,Phuli Gayi Buraansh | Haye Re Soniya | Latest Kumaoni Video Song 2012,408.0,2012-05-26 00:00:00,T-Series Regional,https://www.youtube.com/watch?v=BuqghbnUm9s
336,Nakharyali Anjali - Kumaoni Video Song | Haye Re Soniya,331.0,2012-05-26 00:00:00,T-Series Regional,https://www.youtube.com/watch?v=Up8C6lHxTJI
337,Subh Din Shubh Baar (Haye Re Soniya) - New Kumaoni Video Song 2012,356.0,2012-05-25 00:00:00,T-Series Regional,https://www.youtube.com/watch?v=Br0IEBQ8A3U
338,Dhoom Dhaka Dhoom (Haye Re Soniya) - Latest Uttrakhandi Song 2012,424.0,2012-05-25 00:00:00,T-Series Regional,https://www.youtube.com/watch?v=gxG2SAj8MEY
339,Jeka Suina Din Raat (Kumaoni Full Video Song Latest) - Haye Re Soniya,314.0,2012-05-25 00:00:00,T-Series Regional,https://www.youtube.com/watch?v=fuOMRQxVhWo
340,Sari Ranikhet Ma (Kumaoni Video Song New) - Haye Re Soniya,322.0,2012-05-25 00:00:00,T-Series Regional,https://www.youtube.com/watch?v=N0xCov_onaM
341,Haye Re Soniya (Title Track) - Latest Kumaoni Video Song 2012,365.0,2012-05-24 00:00:00,T-Series Regional,https://www.youtube.com/watch?v=N8CE1_oE8-M
342,Shyaali Meri Parmila (Garhwali Folk Video Song) - Basant Bahar,296.0,2012-05-24 00:00:00,T-Series Regional,https://www.youtube.com/watch?v=94w-0ZakvMU
343,Dhondha Padigai Bhaisi (Full Video Song Garhwali) - Basant Bahar,412.0,2012-05-22 00:00:00,T-Series Regional,https://www.youtube.com/watch?v=yPyQM72I2rg
344,Basant Bahaar Kani Baudi Ko Aegye (Garhwali Folk Songs) - Basant Bahar,382.0,2012-05-21 00:00:00,T-Series Regional,https://www.youtube.com/watch?v=vTLlKK2N2Qg
345,"Koo Holi Bhagyaan (Garhwali Folk Video Song) - Basant Bahar | Virender Singh, Kunwar Singh",357.0,2012-05-16 00:00:00,T-Series Regional,https://www.youtube.com/watch?v=BWjCKRuLfO4
346,Main Joli (Kumaoni Folk Video Song) - Hey Deepa Jeans Top Wali,286.0,2012-05-12 00:00:00,T-Series Regional,https://www.youtube.com/watch?v=5pQ0Deu_QxI
347,Dil Mein Teri Tasveer (Kumaoni Hit Video Song) - Hey Deepa Jeans Top Wali,383.0,2012-05-12 00:00:00,T-Series Regional,https://www.youtube.com/watch?v=qGyouT8ZbtM
348,Paltan Ku Baaju - Uttrakhandi Folk Video Song | Baaji Ge Murali,923.0,2012-05-11 00:00:00,T-Series Regional,https://www.youtube.com/watch?v=E_vMyaPeQ3A
349,Teri Meri Aash - Garhwali Video Song | Gorakhyon Ki Ranjha,215.0,2012-05-11 00:00:00,T-Series Regional,https://www.youtube.com/watch?v=b2HGE4IhdmM
350,Uttarkashi Bipda (Uttrakhandi Video Song) - Gorakhyon Ki Ranjha,377.0,2012-05-11 00:00:00,T-Series Regional,https://www.youtube.com/watch?v=8fnlDzG0-8w
351,Rangat- Samuhik Geet | D.J. Mix Uttrakhandi Chitrageet | Jagdish Bakrola,249.0,2012-05-10 00:00:00,T-Series Regional,https://www.youtube.com/watch?v=ZzMAYZO4IhA
352,Ram Kasam - Pahari Folk Video Song | Rangat- D.J. Mix Uttrakhandi Chitrageet,485.0,2012-05-10 00:00:00,T-Series Regional,https://www.youtube.com/watch?v=RhhjrZ4S0bk
353,Mataki - Uttrakhandi Folk Video Song | Paani Paniyaari,587.0,2012-05-10 00:00:00,T-Series Regional,https://www.youtube.com/watch?v=IkzpI5XlS_Y
354,"Paani Paniyaari (Title Song) - Garhwali Hit Video Songs | Dharam Singh Rana, Chorus",400.0,2012-05-10 00:00:00,T-Series Regional,https://www.youtube.com/watch?v=Ed7RQR5gKEY
355,Pyaaro Ko Ghughiyaata (Garhwali Folk Video Song) - Paani Paniyari,440.0,2012-05-10 00:00:00,T-Series Regional,https://www.youtube.com/watch?v=VNEKlyNnutQ
356,Mera Bubu Kauthig Jai Lu (Live Programme Kumaoni) - Baaji Ge Murali,505.0,2012-05-09 00:00:00,T-Series Regional,https://www.youtube.com/watch?v=vgBmdOrAc8U
357,Teri Gaadi Ku Ghugyaat (Uttrakhandi Folk Songs) | Rangat- D.J. Mix Uttrakhandi Chitrageet,344.0,2012-05-09 00:00:00,T-Series Regional,https://www.youtube.com/watch?v=70WAl0dzF40
358,Haay Re Mizaat - Garhwali Folk Video Song | Rangat- D.J. Mix Uttrakhandi Chitrageet,359.0,2012-05-09 00:00:00,T-Series Regional,https://www.youtube.com/watch?v=Qjc0uhJ_QaE
359,Raato Mein Chand Tara (Kumaoni Folk Video Song) - Hey Deepa Jeans Top Wali,413.0,2012-05-08 00:00:00,T-Series Regional,https://www.youtube.com/watch?v=qtfxRzBXalE
360,Laagnaya Chaumas (Kumaoni Folk Video Song) - Hey Deepa Jeans Top Wali,315.0,2012-05-08 00:00:00,T-Series Regional,https://www.youtube.com/watch?v=HEHr4Of-bTc
361,Rangili Bindi (Uttrakhandi Live Programme) - Baaji Ge Murali,245.0,2012-05-07 00:00:00,T-Series Regional,https://www.youtube.com/watch?v=TvA-U5R5ZQ0
362,Te Bina Rayedu Ni (Uttrakhandi Video Song) - Rangat- D.J. Mix Uttrakhandi Chitrageet,309.0,2012-05-07 00:00:00,T-Series Regional,https://www.youtube.com/watch?v=tF4DStsm4mk
363,Maityun Ku Raibaar - Gorakhyon Ki Ranjha | Manglesh Dangwal Garhwali Songs,417.0,2012-05-07 00:00:00,T-Series Regional,https://www.youtube.com/watch?v=IDZWLZWG-RM
364,Disco Wali Bhauji - Garhwali Video Song | Rangat- D.J. Mix Uttrakhandi Chitrageet,436.0,2012-05-07 00:00:00,T-Series Regional,https://www.youtube.com/watch?v=rqrr4-x-2XY
365,Saari Raat Teri Yaad (Garhwali Video Song) - Gorakhyon Ki Ranjha,307.0,2012-05-05 00:00:00,T-Series Regional,https://www.youtube.com/watch?v=WWwFnQ0BwWw
366,Bhur Bhuru Ujjao Hege (Uttrakhandi Live Performance) - Baaji Ge Murali,540.0,2012-05-05 00:00:00,T-Series Regional,https://www.youtube.com/watch?v=VZ4FIqZhOAA
367,Meri Daanda Marudi - Garhwali Devotional Video Song Manglesh Dangwal,447.0,2012-05-04 00:00:00,T-Series Regional,https://www.youtube.com/watch?v=0OOOaMHksBA
368,Shikaari (Garhwali Sad Video Song) - Paani Paniyari,316.0,2012-05-02 00:00:00,T-Series Regional,https://www.youtube.com/watch?v=C4pZ3Vk62bg
369,Chandna Mera Pahaad (Live Performance) - Hit Garhwali Video Meena Rana,254.0,2012-05-02 00:00:00,T-Series Regional,https://www.youtube.com/watch?v=TbJNa9c9U3A
370,O Dhyaani Nitu (Garhwali Video Song) - Paani Paniyari,456.0,2012-04-28 00:00:00,T-Series Regional,https://www.youtube.com/watch?v=x8tVNAiKFO8
371,Kheja Tu Kariyaanu (Garhwali Video Song) - Paani Paniyari,401.0,2012-04-27 00:00:00,T-Series Regional,https://www.youtube.com/watch?v=GC6doMseZ08
372,Laal Range Sindoor (Uttaranchali Songs Kumaoni) - Hey Deepa Jeans Top Wali,367.0,2012-04-27 00:00:00,T-Series Regional,https://www.youtube.com/watch?v=AYt_Wl0FJOM
373,Syaali Geu Lon Aj (Garhwali Video Song) - Rangat- D.J. Mix Uttrakhandi Chitrageet,388.0,2012-04-27 00:00:00,T-Series Regional,https://www.youtube.com/watch?v=22nV_Sd0y8E
374,Samajhaai Samajhaai Kai (Garhwali Video Song) - Paani Paniyari,367.0,2012-04-26 00:00:00,T-Series Regional,https://www.youtube.com/watch?v=hSsdzSmSHQA
375,Ho Bheena Kaske Jola - Live Programme Feat. Babita Kasanyal (Kumaoni Video),282.0,2012-04-26 00:00:00,T-Series Regional,https://www.youtube.com/watch?v=1xvOX-r3WZg
376,Nathula Vaali Bau (Garhwali Video Song) - Rangat- D.J. Mix Uttrakhandi Chitrageet,312.0,2012-04-25 00:00:00,T-Series Regional,https://www.youtube.com/watch?v=X90eMCjBjxI
377,"Jaarul (Garhwali Video Song) - Paani Paniyari | Dharam Singh Rana, Chorus",329.0,2012-04-24 00:00:00,T-Series Regional,https://www.youtube.com/watch?v=p9OPkb7GAuo
378,Hey Deepa Mijaj Deepa (Kumaoni Hit Video Song) - Hey Deepa Jeans Top Wali,415.0,2012-04-24 00:00:00,T-Series Regional,https://www.youtube.com/watch?v=ZL_C8oMbQQ0
379,Vandna Ko Deva Aalu (Kumaoni Live Programme) - Baaji Ge Murali,434.0,2012-04-23 00:00:00,T-Series Regional,https://www.youtube.com/watch?v=14ofp_PxRIM
380,Mohana Tu Baithire Myara Dil Ma (Kumaoni Live Programme) - Baaji Ge Murali,262.0,2012-04-23 00:00:00,T-Series Regional,https://www.youtube.com/watch?v=eCQjjiWGOWM
381,"Teri Mukhdi Mayajaal (Kumaoni Hit Video) - ""Ki Bhalo Tero Mann""",362.0,2012-02-06 00:00:00,T-Series Regional,https://www.youtube.com/watch?v=ChGDleSqqjo
382,Chhori Neelam (Kumaoni Song) - By Fauji Lalit Mohan Joshi,426.0,2012-02-06 00:00:00,T-Series Regional,https://www.youtube.com/watch?v=fHWQC9vsaIY
383,"Meri Baana Sadhana (Kumaoni Video Song) - ""Ki Bhalo Tero Mann""",324.0,2012-02-06 00:00:00,T-Series Regional,https://www.youtube.com/watch?v=5GKLCtzk4MQ
384,Ud Ja Panchhi (Kumaoni Folk Song) - Ki Bhalo Tero Mann,329.0,2012-02-06 00:00:00,T-Series Regional,https://www.youtube.com/watch?v=bvAEQUUOAIU
385,Mile Vike Dil Diya (Kumaoni Video Songs) - Ki Bhalo Tero Mann,372.0,2012-02-06 00:00:00,T-Series Regional,https://www.youtube.com/watch?v=0JgkFKbXNFY
386,Haldwani Bazar Chhodi (Kumaoni Video Song) - Ki Bhalo Tero Mann,384.0,2012-02-05 00:00:00,T-Series Regional,https://www.youtube.com/watch?v=3VrF_5aLfZE
387,Tu Hit De Mero Sang O Sonam (Kumaoni Video Song) - Ki Bhalo Tero Mann,380.0,2012-02-05 00:00:00,T-Series Regional,https://www.youtube.com/watch?v=w3LtYh_z04o
388,Aija Re Dagdya (Garhwali Video Song) - Negi Ki Cheli,350.0,2012-01-25 00:00:00,T-Series Regional,https://www.youtube.com/watch?v=cJziSFjkiVw
389,Hey Gailya Sobini (New Uttarakhandi Song) - Negi Ki Cheli,370.0,2012-01-25 00:00:00,T-Series Regional,https://www.youtube.com/watch?v=rjfx_Ej_fZs
390,Hey Kaanchi - Maya Lagyu Re (Garhwali Video Song) - Negi Ki Cheli,333.0,2012-01-24 00:00:00,T-Series Regional,https://www.youtube.com/watch?v=N_IJnBmxyCc
391,Hey Meri Syanghuthi (New Garhwali Song) - Negi Ki Cheli,314.0,2012-01-24 00:00:00,T-Series Regional,https://www.youtube.com/watch?v=dkVyWzKJRNc
392,Negi Ki Cheli Title Song - Latest Garhwali Video | Manglesh Dangwal,355.0,2012-01-24 00:00:00,T-Series Regional,https://www.youtube.com/watch?v=wO9w8JFD9Fo
393,Latest Garhwali Song : O Saiyya Meri Kashmira | Negi Ki Cheli,459.0,2012-01-24 00:00:00,T-Series Regional,https://www.youtube.com/watch?v=SvX4RllK0TY
394,Jai Jagdamba - New Garhwali Bhakti Geet | Negi Ki Cheli,256.0,2012-01-24 00:00:00,T-Series Regional,https://www.youtube.com/watch?v=nqWUiWzZczM
395,O Gaddi Aayi...........Rail Ma [Full Song] 28 Non Stop Pahadi Natiyan,3543.0,2011-05-29 00:00:00,T-Series Regional,https://www.youtube.com/watch?v=hq2XWusZ92E
396,Jai Aghoriya (Jagar) [Full Song] Chamko Chakori,398.0,2011-05-26 00:00:00,T-Series Regional,https://www.youtube.com/watch?v=tkaqpM_YNsk
397,Nanda Bhagwati (Jaagar) [Full Song] Heema Maarchhayaan,412.0,2011-05-25 00:00:00,T-Series Regional,https://www.youtube.com/watch?v=1Bevoukd1mQ
398,Hey Mohana (Jagar) [Full Song] Gailya Dhanuli,370.0,2011-05-25 00:00:00,T-Series Regional,https://www.youtube.com/watch?v=MeWbDCw-Puk
399,Namo Bhagwate- Jagar [Full Song] Bansuli,328.0,2011-05-25 00:00:00,T-Series Regional,https://www.youtube.com/watch?v=gbvgG41F83o
400,Udankaar Hovege ( Jagar) [Full Song] Baand Amravati,358.0,2011-05-24 00:00:00,T-Series Regional,https://www.youtube.com/watch?v=6pjM6HW9KiY
401,Jau Diyan Jas Lo- Jagar [Full Song] Chhori- 420,492.0,2011-05-16 00:00:00,T-Series Regional,https://www.youtube.com/watch?v=A8rAspf7hHk
402,Goril Devta Tambola Ghughti- Jaagar [Full Song] Tumi Bola,720.0,2011-05-09 00:00:00,T-Series Regional,https://www.youtube.com/watch?v=0XfMDlNKC6Q
403,Naranni Durga Bhawani (Jagar) [Full Song] Saruli,567.0,2011-05-09 00:00:00,T-Series Regional,https://www.youtube.com/watch?v=FN0lXv0VwcY
404,Puriya Sauriyal (Jagar) [Full Song] Baand Bhanumati,300.0,2011-05-09 00:00:00,T-Series Regional,https://www.youtube.com/watch?v=VNiiLFAL-bA
405,Jagar Dopadi Swyombar [Full Song] Binduli,541.0,2011-05-09 00:00:00,T-Series Regional,https://www.youtube.com/watch?v=chxOTDtipqU
406,Om Namo Narani Jagar [Full Song] Maa Devi Bhagwati- Jagar- Mandaan- Bhakti Geet,511.0,2011-05-09 00:00:00,T-Series Regional,https://www.youtube.com/watch?v=EO-B-Q0W7cY
407,Hey Meri Mata Bhawani [Full Song] Maa Devi Bhagwati- Jagar- Mandaan- Bhakti Geet,480.0,2011-05-09 00:00:00,T-Series Regional,https://www.youtube.com/watch?v=bDz90i2zEs0
408,Jai Ho Jagdamba Meri Mata [Full Song] Maa Devi Bhagwati- Jagar- Mandaan- Bhakti Geet,419.0,2011-05-09 00:00:00,T-Series Regional,https://www.youtube.com/watch?v=O0Y_NB0Kwsk
409,Deha Have Jaadi Mata Nauda(Jagar) [Full Song] Maa Devi Bhagwati- Jagar- Mandaan- Bhakti Geet,477.0,2011-05-09 00:00:00,T-Series Regional,https://www.youtube.com/watch?v=dPBoImH7sZM
410,Jog Maya Jagar [Full Song] Maa Devi Bhagwati- Jagar- Mandaan- Bhakti Geet,353.0,2011-05-09 00:00:00,T-Series Regional,https://www.youtube.com/watch?v=WgRTUSAoyyY
411,Navratra Bodi Aejin [Full Song] Maa Devi Bhagwati- Jagar- Mandaan- Bhakti Geet,465.0,2011-05-09 00:00:00,T-Series Regional,https://www.youtube.com/watch?v=vMIENLb-uTE
412,Hindo Gand Ki Jaadi Devi [Full Song] Maa Devi Bhagwati- Jagar- Mandaan- Bhakti Geet,434.0,2011-05-09 00:00:00,T-Series Regional,https://www.youtube.com/watch?v=r1FSE0WSigY
413,O Meri Maji [Full Song] Maa Devi Bhagwati- Jagar- Mandaan- Bhakti Geet,430.0,2011-05-09 00:00:00,T-Series Regional,https://www.youtube.com/watch?v=ReILHGBtcmc
414,Samodar Manthan (Jagar) [Full Song] Rajuli,490.0,2011-05-09 00:00:00,T-Series Regional,https://www.youtube.com/watch?v=EXhmApqbgII
415,Mata Bhawani (Jagar) [Full Song] Meri Teeri- Doobti Tehri Mein Tairte Geet,519.0,2011-05-09 00:00:00,T-Series Regional,https://www.youtube.com/watch?v=efuyrYzNnZo
416,Bir Bairo Ji Baba (Jagar) [Full Song] Rajmati,445.0,2011-05-06 00:00:00,T-Series Regional,https://www.youtube.com/watch?v=WUD3WCQuPAc
